outaged_line,target_bus,executed,return_code,short_circuit_current_ka,short_circuit_power_mva
Line 4-5,Bus 5,True,0,1.0143609143373704,404.09266739419985
Line 4-6,Bus 5,True,0,2.148588129924294,855.9366752807039
Line 5-7,Bus 5,True,0,1.4098117867832192,561.6290980781392
Line 6-9,Bus 5,True,0,2.1485881299249256,855.9366752809553
Line 7-8,Bus 5,True,0,2.212106551216996,881.2406158466744
Line 8-9,Bus 5,True,0,2.2121065512166185,881.2406158465241
